Node1,Node2,Weight
covid,covid,1
covid,fuck,0.0656871218668971
covid,government,0.0337078651685393
covid,mask,0.10371650821089
covid,money,0.0363007778738115
covid,news,0.0285220397579948
covid,old,0.191875540190146
covid,public,0.0259291270527225
covid,time,0.226447709593777
covid,vaccine,0.0734658599827139
covid,work,0.220397579948141
covid,years,0.0985306828003457
fuck,covid,0.00825369244135534
fuck,fuck,1
fuck,government,0.0076020851433536
fuck,mask,0.0076020851433536
fuck,money,0.0469157254561251
fuck,news,0.0103171155516941
fuck,old,0.227410947002606
fuck,public,0.0162901824500434
fuck,time,0.248913987836663
fuck,vaccine,0.00271503040834057
fuck,work,0.153562119895742
fuck,years,0.117940920938314
government,covid,0.0438695163104611
government,fuck,0.0787401574803149
government,government,1
government,mask,0.0326209223847019
government,money,0.0944881889763779
government,news,0.0269966254218222
government,old,0.190101237345331
government,public,0.0506186726659167
government,time,0.194600674915635
government,vaccine,0.0314960629921259
government,work,0.175478065241844
government,years,0.112485939257592
mask,covid,0.118694362017804
mask,fuck,0.069238377843719
mask,government,0.0286844708209693
mask,mask,1
mask,money,0.0346191889218595
mask,news,0.0276953511374876
mask,old,0.216617210682492
mask,public,0.0445103857566765
mask,time,0.237388724035608
mask,vaccine,0.0672601384767556
mask,work,0.194856577645895
mask,years,0.0781404549950544
money,covid,0.00896860986547085
money,fuck,0.0922485586162716
money,government,0.0179372197309417
money,mask,0.00747384155455904
money,money,1
money,news,0.0179372197309417
money,old,0.254324151185137
money,public,0.0222079863335468
money,time,0.276318599188554
money,vaccine,0.00277599829169335
money,work,0.243006619688234
money,years,0.151398676062353
news,covid,0.0208596713021491
news,fuck,0.0600505689001264
news,government,0.0151706700379266
news,mask,0.0176991150442477
news,money,0.0530973451327433
news,news,1
news,old,0.264854614412136
news,public,0.0372945638432364
news,time,0.257269279393173
news,vaccine,0.00442477876106194
news,work,0.164348925410872
news,years,0.181415929203539
old,covid,0.009375
old,fuck,0.088429054054054
old,government,0.00713682432432432
old,mask,0.00924831081081081
old,money,0.0502956081081081
old,news,0.0176942567567567
old,old,1
old,public,0.0148226351351351
old,time,0.295143581081081
old,vaccine,0.00261824324324324
old,work,0.192609797297297
old,years,0.200126689189189
public,covid,0.0146555935515388
public,fuck,0.0732779677576941
public,government,0.0219833903273082
public,mask,0.0219833903273082
public,money,0.0508060576453346
public,news,0.0288226673180263
public,old,0.171470444553004
public,public,1
public,time,0.212017586712261
public,vaccine,0.00977039570102589
public,work,0.14362481680508
public,years,0.119687347337567
time,covid,0.00982487718903513
time,fuck,0.0859489256384295
time,government,0.00648741890726365
time,mask,0.00899988750140623
time,money,0.0485243934450819
time,news,0.0152623092211347
time,old,0.2620842239472
time,public,0.0162747965650429
time,time,1
time,vaccine,0.00228747140660741
time,work,0.192522593467581
time,years,0.158960512993587
vaccine,covid,0.188888888888888
vaccine,fuck,0.0555555555555555
vaccine,government,0.0622222222222222
vaccine,mask,0.151111111111111
vaccine,money,0.0288888888888888
vaccine,news,0.0155555555555555
vaccine,old,0.137777777777777
vaccine,public,0.0444444444444444
vaccine,time,0.135555555555555
vaccine,vaccine,1
vaccine,work,0.191111111111111
vaccine,years,0.0733333333333333
work,covid,0.0159664391709974
work,fuck,0.0885354705403543
work,government,0.00976770396343372
work,mask,0.0123348569281823
work,money,0.0712541481435101
work,news,0.0162795066057228
work,old,0.285580113956546
work,public,0.0184083651618558
work,time,0.321457641976081
work,vaccine,0.00538475987727756
work,work,1
work,years,0.154279631832696
years,covid,0.00888403990024937
years,fuck,0.0846321695760598
years,government,0.0077930174563591
years,mask,0.00615648379052369
years,money,0.055252493765586
years,news,0.0223659600997506
years,old,0.369311097256857
years,public,0.0190928927680798
years,time,0.330346009975062
years,vaccine,0.0025716957605985
years,work,0.192019950124688
years,years,1
